airline name,code
Blue Air,0B
Ak Bars Aero,2B
SNCF,2C
Star Peru,2I
Air Burkina,2J
Avianca Ecuador,2K
Helvetic Airways,2L
PAL Express,2P
Air Inuit,3H
Air Arabia Maroc,3O
Air Antilles Express,3S
Caribbean Air Export Import Inc.,CB
Moldavian Airlines,2M
Welcome Air,2W
Jetstar Asia,3K
Tiara Air Aruba,3P
Sichuan Airlines,3U
Warbelow's Air Ventures,4W
Nextjet,2N
Air Choice One,3E
Intersky Luftfahrt,3L
Avior Airlines,3R
Air Sinai,4D
LATAM Chile,LA
Gazpromavia,4G
HOP!,A5
Okay Airways,BK
Air Botswana,BP
Cyprus Airways,CY
Etihad Airways,EY
FlyDamas,4J
LATAM Argentina,4M
Interjet,4O
Safi Airways,4Q
Belair Airlines,4T
Germanwings,4U
Nature Air,5C
Air Algerie,AH
British Airways,BA
Biman Bangladesh Airlines,BG
airBaltic,BT
Air Jet,7A
Fly540,5H
ASL Airlines France,5O
Israir Airlines,6H
SmartLynx Airlines,6Y
First Air,7F
Nouvelair,BJ
Cebu Pacific,5J
Tigerair Australia,TT
Canadian North,5T
IndiGo,6E
Alrosa,6R
Tajik Air,7J
Saratov Airlines,6W
Maluti Sky,7D
Insel Air,7I
Aerocaribbean,7L
Windrose Airlines,7W
Wright Air Service,8V
Jeju Air,7C
Ravn Alaska,7H
MetroJet,7K
Federal Air,7V
Lucky Air,8L
Onur Air,8Q
RusLine,7R
Bering Air,8E
Pacific Coastal Airlines,8P
Afriqiyah Airways,8U
Eurostar,9F
Astra Airlines,A2
Myanmar Airways International,8M
Sol Lineas Aereas,8R
AccesRail,9B
Cape Air,9K
Air Moldova,9U
Eastar Jet,ZE
Chang An Airlines,9H
Southern Air,9R
Jet Airways,9W
Aeromexico,AM
Alitalia,AZ
Major Airline,XX
Central Mountain Air,9M
Avior Airlines,9V
Aegean Airlines,A3
Azimut,A4
Air Alps Aviation,A6
Air Berlin,AB
Georgian Airways,A9
American Airlines,AA
Air One,AP
Aerolineas Argentinas,AR
Royal Air Maroc,AT
Air Canada,AC
Belavia,B2
Uni Air,B7
TAAG Angola Airlines,DT
Norwegian Air Shuttle,DY
Thai Express Air Co. Ltd,EX
Azul Brazilian Airlines,AD
East African Safari Air,B5
Eritrean Airlines,B8
Trade Air,C3
Grand China Air,CN
Bringer Air Cargo,E6
Mandarin Airlines,AE
Air France,AF
Air India,AI
AirAsia,AK
Alaska Airlines,AS
Austral Lineas Aereas,AU
Avianca,AV
Finnair,AY
Flybe,BE
Royal Brunei,BI
Inter Air,D6
JetBlue Airways,B6
Caribbean Airlines,BW
Cobalt Air,CO
Aer Lingus,EI
Pegas Fly,EO
Airtran Airways,FL
Seaborne Airlines,BB
Hawkair,BH
Blue Panorama Airlines,BV
Airlines PNG,CG
China Southern Airlines,CZ
JSC Aircompany ATMA,IM
Jetstar Pacific Airlines,BL
Cubana de Aviación,CU
Danish Air Transport,DX
Hong Kong Airlines,HX
Qazaq Air,IQ
Bahrain Air,BN
China Airlines,CI
OpenSkies,EC
Eurowings,EW
Wizz Air,W9
Thai AirAsia,FD
Eva Air,BR
Air China,CA
Cathay Pacific,CX
Severstal Air,D2
Donavia,D9
Eurolot,K2
Air Busan,BX
Chalair Aviation,CE
Adria Airways,JP
Korean Air,KE
China United Airlines,KN
Helijet,JB
BA Cityflyer,CJ
Norwegian Air,DN
SalamAir,OV
Air Dolomiti,EN
Aurigny Air Services,GR
Sky Airline,H2
Lufthansa CityLine,CL
Transasia Airways,GE
Air Greenland,GL
Air Seychelles,HM
Héli Sécurité Hélicopter Airline,HS
"Zapways, Inc.",R1
Copa Airlines,CM
Joy Air,JR
Bearskin Airlines,JV
Cambodia Angkor Air,K6
MyWay Airlines,MJ
Peach,MM
AirAsia X,D7
Braathens Regional,DC
AirAsia Japan,DJ
Ethiopian Airlines,ET
Globus Airlines,GH
Air Caledonie,TY
Brit Air,DB
Tigerair Philippines,DG
Emirates,EK
TAME Linea Aerea del Ecuador,EQ
Interstate Airlines,I4
Kyrgyz Air,KH
Condor,DE
Sun-Air of Scandinavia,EZ
Bulgaria Air,FB
Fiji Airways,FJ
Servicios Aéreos de los Andes,FP
Kenmore Air,M5
Delta Air Lines,DL
Uganda Airlines,UR
Chengdu Airlines,EU
Allegiant Air,G4
Juneyao Airlines,HO
NAYSA,ZN
Frontier Airlines,F9
Icelandair,FI
Shanghai Airlines,FM
Ryanair,FR
Firefly,FY
Cargolux,CV
Brindabella Airlines,FQ
I Fly,F7
Gulf Air,GF
Izhavia,I8
LATAM Brasil,JJ
Marsland Aviation,M7
Syphax Airlines,FS
Flydubai,FZ
Go!,G8
Transavia,HV
AirAsia India,I5
Joon,JN
Gol Transportes Aéreos,G3
Air Arabia,G9
SkyGreece Airlines,GW
Hawaiian Airlines,HA
Aurora,HZ
Tigerair Taiwan,IT
Garuda Indonesia,GA
Air Italy,IG
Cayman Airways,KX
Belle Air Europe,L9
Swiss International Air Lines,LX
CanJet,C6
Tianjin Airlines,GS
Himalaya Airlines,H9
Niki,HG
Hahn Air,HR
Iberia,IB
Comair,MN
Air Côte d'Ivoire,HF
Iran Air,IR
Yemenia,IY
Azerbaijan Airlines,J2
Atlas Global Airlines,KK
Hainan Airlines,HU
Uzbekistan Airways,HY
Berjaya Air,J8
Beijing Capital Airlines,JD
Lion Air,JT
Iberia Express,I2
Solomon Airlines,IE
Jetstar,JQ
Air Serbia,JU
SeaPort Airlines,K5
Druk Air,KB
Air Italy,I9
Japan Airlines,JL
Cathay Dragon,KA
Kuwait Airways,KU
Mauritania Airlines International,L6
Air India Express,IX
Jetlink Express,J0
Afrijet Business Service,J7
B&H Airlines,JA
Air Astana,KC
Komiaviatrans,KO
Arkia,IZ
Northwestern Air,J3
Jazeera Airways,J9
Mango,JE
Belle Air,LZ
Motor Sich Airlines,M9
Blue1,KF
KLM,KL
Penair,KS
Kunming Airlines,KY
Liat,LI
Air Malta,KM
Kenya Airways,KQ
Luxair,LG
Avianca Costa Rica,LR
Maya Island Air,MY
Condor,DF
Air Bishkek,KR
El Al Israel Airlines,LY
Middle East Airlines,ME
Air Macau,NX
Transaero Airlines,UN
Lufthansa,LH
Libyan Airlines,LN
LATAM Paraguay,PZ
Tarom,RO
Santa Barbara Airlines,S3
Hex Air,UD
Jin Air,LJ
Xiamen Airlines,MF
Air Freight NZ,OG
MIAT Mongolian Airlines,OM
Air Kyrgyzstan,QH
TACA Airlines,TA
LOT Polish Airlines,LO
Pacific Wings,LW
Olympic Air,OA
Passaredo Linhas Aereas,P3
Pegasus Airlines,PC
Jet2.com,LS
Malaysia Airlines,MH
Air Mauritius,MK
Sky Wings Airlines,ND
Air New Zealand,NZ
Asian Air,DM
Air Madagascar,MD
Silkair,MI
Air Mediterranee,ML
EgyptAir,MS
Czech Airlines,OK
Calm Air International,MO
Portugália,NI
VIM Airlines,NN
Binter Canarias,NT
Precision Air,PW
Wideroe,WF
China Eastern Airlines,MU
Merpati Nusantara Airlines,MZ
Air Vanuatu,NF
Polynesian Airlines,OL
Austrian Airlines,OS
DHL Aero Expreso S.A.,D5
Mokulele Airlines,MW
Nordwind Airlines,N4
Aero Contractors,NG
Andes Lineas Aereas,OY
Rossiya Airlines,FV
LATAM Ecuador,XL
All Nippon Airways,NH
Manx2,NM
Hebei Airlines,NS
Croatia Airlines,OU
Asiana Airlines,OZ
Farelogix Qatar Airways,F1
Spirit Airlines,NK
Air Japan,NQ
Japan Transocean Air,NU
S7 Airlines,S7
Shandong Airlines,SC
"Sky Lease I, Inc.",GG
Northwest Airlines,NW
SkyWork Airlines,SX
TRIP Linhas Aéreas,T4
Airnorth,TL
Air Transat,TS
Tibet Airlines,TV
TUI Airlines Netherlands,OR
UTair Ukraine,QU
Indonesia AirAsia,QZ
Aserca Airlines,R7
Atlantic Airways,RC
Air Creebec,YN
Aeropelican Air Services,OT
Provincial Airlines,PB
People's Viennaline,PE
Pakistan International Airlines,PK
UIA,PS
Proflight Zambia,P0
SmartWings,QS
Horizon Air,QX
Yakutia Airlines,R3
Royal Flight,RL
Jet Lite,S2
Aerorepublica,P5
Porter Airlines,PD
Air Saint Pierre,PJ
Philippine Airlines,PR
Air Niugini,PX
Stobart Air,RE
Bangkok Airways,PG
China West Air,PN
Qantas,QF
Monacair,QM
BRA,TF
Scoot,TR
Surinam Airways,PY
Camair-Co,QC
UVT Aero,RT
SATA,S4
Saudia,SV
Sun Country Airlines,SY
Syrian Arab Airlines,RB
Rotana Jet,RG
South African Airways,SA
Sudan Airways,SD
Trans Air Congo,Q8
Scandinavian Airlines,SK
Thai Airways,TG
United Airlines,UA
Srilankan Airlines,UL
Citilink Airlines,QG
Qatar Airways,QR
Lao Airlines,QV
Orenair,R2
Royal Nepal Airlines,RA
Tigerair Mandala,RI
Aircalin,SB
XL Airways France,SE
Aeroflot,SU
Tunisair Express,UG
New England Airlines,EJ
Royal Jordanian,RJ
Tradewind Aviation,TJ
LAM Mozambique Airlines,TM
Alitalia CityLiner,CT
Shuttle America,S5
SATA Air Acores,SP
Air Europa,UX
SpiceJet,SG
Conviasa,V0
Vieques Air Link,V4
Virgin Australia,VA
TACV Cabo Verde Airlines,VR
Viva Air,VV
Blue Islands,SI
EasyJet,U2
Tus Airways,U8
Carpatair,V3
Volotea,V7
Valuair,VF
Brussels Airlines,SN
Corsair International,SS
Singapore Airlines,SQ
Tyrolean Airways,VO
Amaszonas,Z8
White Airways,WI
South African Express,XZ
Fortune,X1
Air Namibia,SW
Eastern Airways,T3
Twin Jet,T7
Turkish Airlines,TK
Air Tahiti Nui,TN
Iran Aseman Airlines,EP
Turkmenistan Airlines,T5
Atlantis European Airways,TD
Transavia,TO
Edelweiss Air,WK
Island Air,WP
Air East,ER
TAP Portugal,TP
Air Caraibes,TX
Ural Airlines,U6
Tatarstan Airlines,U9
Tunisair,TU
Scoot,TZ
Air Uganda,U7
Air Austral,UU
VLM Airlines,VG
Air Zimbabwe,UM
Hong Kong Express Airways,UO
US Airways,US
Virgin Atlantic,VS
Aeromar,VW
FlexFlight,W2
Worldspan,1P
Bahamasair,UP
Utair,UT
Air Tahiti,VT
Virgin America ,VX
Arik Air,W3
KLM Cityhopper,WA
Vision Airlines,V2
Aerovías DAP,V5
C.A.I. Second,VE
Vietnam Airlines,VN
Great Lakes Airlines,ZK
Vueling,VY
Wizz Air,W6
Aigle Azur,ZI
RwandAir,WB
Sun Express,XQ
Nas Air,XY
Yamal Airlines,YC
Montenegro Airlines,YM
HOP!,YS
Webjet Linhas Aereas,WH
Southwest Airlines,WN
Wizz Air Ukraine,WU
TUI fly,X3
Vladivostok Air,XF
South Airlines,YG
Winair,WM
Westjet,WS
Virgin Australia,XR
Volaris,Y4
Dniproavia,Z6
Cityjet,WX
WOW air,X9
Air Corsica,XK
Shenzhen Airlines,ZH
Regional Express,ZL
Sky Airlines,ZY
Oman Air,WY
KD Air,XC
Air Nostrum,YW
Monarch Airlines,ZB
Equatorial Congo Airlines,LC
Thomson Airways,BY
C.A.I. First,XM
BVI Airways,XV
NordStar,Y7
Avia Traffic Company,YK
Heli Air Monaco,YO
Mesa Airlines,YV
Polet Airlines,YQ
SUN-AIR,ZU
IrAero,IO
Germania,ST
Gambia Bird Airlines,3G
BMI Regional,BM
BQB Lineas Aereas,5Q
Groznyy Avia,ZG
AirAsia Zest,Z2
Red Wings Airlines,WZ
Republic Airlines,YX
Skippers Aviation,HK
Hunnu Air,MR
ASKY Airlines,KP
Sunwing Airlines,WG
Silver Airways,3M
Airlink,4Z
Japan Air Commuter,JC
SunExpress Deutschland,XG
HOP!,AN
Jetstar Japan,GK
Wings Air,IW
Kan Air,K8
Norwegian Long Haul,DU
Thai AirAsia X,XJ
Blue Bird Airways,BZ
Batik Air,ID
Sky Express,GQ
Pobeda,DP
Air Leisure,AL
Africa World Airlines,AW
Aerolink Uganda Limited,A8
BB Airways,BO
Cimber,QA
Bek Air,Z9
Insel Air,8I
Korongo Airlines,ZC
Orient Thai Airlines,OX
Happy Air,HPY
Sriwijaya Air,SJ
Angara Airlines,2G
Nok Air,DD
Thai Lion Air,SL
Colorful Guizhou Airlines,GY
Dobrolet,QD
Air Armenia,QN
Air Kiribati Limited,IK
Somon Air,SZ
Aztec Airways,AJ
9 Air,AQ
Air Niamey,A7
Aruba Airlines,AG
Australian Airlines,AO
Trans States Airlines,AX
Skymark Airlines,BC
Compagnie Africaine d'Aviation,BU
Bhutan Airlines,B3
French Blue,BF
La Compagnie,B0
ZanAir,B4
CM Airlines,CC
Bemidji Airlines,CH
Czech Connect Airlines,CQ
TAB - Transportes Aéreos Bolivianos,B1
Iran Air Tours,B9
Corendon Dutch Airlines,CD
China Cargo Airlines,CK
OAG,CR
Tectimes Sudamerica,C1
China Postal Airlines Ltd.,CF
Compass Airlines,CP
"Continental Micronesia, Inc.",CS
CEIBA Intercontinental,C2
Cinnamon Air,C7
Douniah Airlines,DH
CommutAir,C5
Cronos Airlines,C8
Norwegian Air,DI
Discovery Airways,DO
easyJet Switzerland,DS
DHL Air Limited,D0
Thomas Cook Airlines Scandinavia,DK
Delta Connection,DQ
Aero-Charter Ukraine,DW
Daallo Airlines,D3
Norwegian Air International,D8
AirExplore,ED
Ruili Airlines,DR
Donghai Airlines,DZ
Alidaunia,D4
East Horizon Airlines,EA
Fly CamInter,EF
Ellinair,EL
Wamos Air,EB
ANA Wings,EH
Empire Airlines,EM
DHL Aviation EEMEA B.S.C.(c),ES
Eagle Atlantic Airlines,E2
Equaflight Service,E7
ExpressJet,EV
Air Arabia Egypt,E5
City Airways,E8
Far Eastern Air Transport,FE
Freebird Airlines,FH
Fuzhou Airlines,FU
Evelop Airlines,E9
Airshop B.V.,FF
fastjet,FN
Ibex Airlines,FW
Safarilink Aviation,F2
Flair Airlines Ltd.,F8
Safair,FA
Ariana Afghan Airlines,FG
Felix Airways,FO
FedEx,FX
Flyadeal,F3
"ABX Air, Inc.",GB
Air Flamenco,F4
Gambia International Airlines,GC
Loong Air,GJ
Vista Georgia,GT
Air Rarotonga,GZ
Ghadames Air Transport,G6
Itek Air,GI
ULS Airlines Cargo,GO
"Grant Aviation, Inc.",GV
China Express Airlines,G5
Asia Atlantic Airlines,HB
Taban Airlines,HH
Germania Flug,GM
Aviateca,GU
Jet Express,G2
GoJet Airlines,G7
LGW Luftfahrtgesellschaft Walter,HE
Hellas Jet,HJ
Air Do,HD
Papillon Airways,HI
Amapola Flyg AB,HP
Hahn Air,H1
Taron Avia LLC,H7
IBC Airways,II
Afghan Jet International,HN
North-Wright Airways,HW
Bulgarian Air Charter,H6
Irtysh Air,IH
PT.Trigana Air Service,IL
Apsara International Air,IP
Thomas Cook Airlines Belgium,HQ
Aero4M,H4
Hesa Airlines,H8
Spring Airlines Japan,IJ
NAM Air,IN
Air Indus,I6
AIS Airlines B.V.,IS
Jet Asia Airways,JF
Meraj Air,JI
Vanilla Air,JW
"One Jet, Inc.",J1
Jet Ops,J6
JETGO Australia,JG
Jet Time,JO
InterCaribbean Airways,JY
BADR AIRLINES,J4
PT Kal Star Aviation,KD
Air Incheon,KJ
Fuji Dream Airlines,JH
Air Koryo,JS
Jatayu Airlines,JZ
Alaska Seaplane,J5
Aerogaviota,KG
SiAvia,KT
KrasAvia,KI
Asian Express Airline,KV
Topas Co. Ltd.,K1
Air KBZ,K7
"Laparkan Airways, Inc.",LE
Loganair,LM
Kharkiv Airlines,KW
Taquan Air,K3
Bul Air,LB
Lao Skyway,LK
Air Lituanica,LT
E-Savtravel,L1
Nippon Cargo Airlines,KZ
ALS Ltd.,K4
AHK Air Hong Kong Limited,LD
Miami Air International,LL
LAN Express,LU
"Lynden Air Cargo, LLC",L2
Mega Maldives,LV
Lynx Aviation,L3
Afric Aviation,L8
"Miami Air Lease, Inc.",MG
Thomas Cook Airlines,MT
North Flying,M3
Air Service Liege,L4
MNG Airlines,MB
Martinair,MP
Mexicana de Aviación,MX
Mistral Air,M4
Nesma Airlines,NA
Linea Aerea Carguera de Colombia S.A.,L7
Air Mobility Command,MC
Envoy Air,MQ
MHS Aviation,M2
Amerijet International Inc.,M6
Skypower Express Airways,NB
SkyJet,M8
Cobham Aviation Services Australia,NC
Shaheen Air,NL
Air Iceland,NY
Nolinor Aviation,N5
Nova Airways,N9
Nesma Airlines,NE
Neos,NO
Trans-Mediterranean Airways,N2
Nordic Regional Airline,N7
Boliviana de Aviación,OB
Laudamotion,OE
Aero VIP,NJ
Nile Air,NP
Aerolíneas Mas,N3
National Airlines,N8
Oriental Air Bridge,OC
Hinterland Aviation,OI
Malindo Air,OD
Fly Jamaica Airways,OJ
Chongqing Airlines,OQ
Avianca Brazil,O6
airblue,PA
Polar Airlines,PI
Nauru Airline,ON
"Orange Air, LLCN/A",O3
Siam Air,O8
Primera Air,PF
Southern Air Charter,PL
Jet Aviation Business,PP
SkyWest Airlines,OO
Antrak Air,O4
NOVA Airlines,O9
Transavia Denmark,PH
Canaryfly,PM
St Barth Commuter,PV
"Polar Air Cargo Worldwide, Inc.",PO
Public Charters,P1
Pascan Aviation,P6
Peruvian Airlines,P9
Jazz,QK
Airkenya Express,QP
Airkenya Express,P2
Small Planet Airlines,P7
Qeshm Air,QB
LASER Airlines,QL
Alliance Airlines,QQ
European Air Transport,QY
Aerolíneas Sosa,P4
Air Mekong,P8
Jet Airways Inc.,QJ
Quikjet Cargo Airlines Pvt. Ltd,QO
Avianca Cargo,QT
Sqiva Sistem,Q1
Qingdao Airlines,QW
Maldivian,Q2
40-Mile Air,Q5
Air Liaison,Q9
PT Republic Express Airlines,RH
Kam Air,RQ
"Anguilla Air Services, Ltd",Q3
Skytrans Airlines,Q6
French Armed Forces,RD
Skyview Airways Company Limiteddba Skyview,RK
Royal Air Force,RR
8165343 Canada Inc. dba Air Canada rouge,RV
Starlink Aviation,Q4
SkyBahamas Airlines,Q7
Connellan air disaster,RF
Chautauqua Airlines,RP
Sky Regional Airlines,RS
Regent Airways,RX
AirBridgeCargo,RU
Jiangxi Air,RY
RUS Aviation,R4
Tassili Airlines,SF
Lufthansa Systems,S1
Jetairfly,TB
Sansa Airlines,RZ
Jordan Aviation,R5
Sharp Airlines,SH
Sunrise Airways,S6
Air Tanzania,TC
Tailwind Airlines,TI
DOT LT,R6
AIR CAIRO,SM
Starbow,S9
Sky-Taxi,TE
Tandem Aero,TQ
TACA Peru,T0
Raya Airways Sdn. Bhd.dba Raya Airways,TH
T'way Air,TW
TIK Systems,T1
Myanmar National Airlines,UB
UM Airlines,UF
Almasria Universal Airlines,UJ
Nakina Air Service,T2
LAN Chile Cargo,UC
Atlasjet Ukraine,UH
Urumqi Air,UQ
Air Caucasus,UY
As Avies,U3
Telair International GmbH,T8
Ultimate Jetcharters,UE
Auric Air Services Limited,UI
Helicópteros del Sureste,UV
Buraq Air Transport (BRQ),UZ
Karinou Airlines,U5
Uni-Top Airlines,UW
Videcom International Limited,U1
VivaAerobus,VB
Volga-Dnepr Airlines,VI
Villa Air Pvt. Ltd. dba Villa Air,VP
Thai Vietjet Air,VZ
"Charter Air Transport, Inc.",VC
VietjetAir,VJ
Novoair,VQ
"IBS Software Services Americas, Inc.",V1
Thai Vietjet Air,V9
Labrador Airways Limited,WJ
Aeropostal Alas de Venezuela,VH
Air Via Ltd.,VL
Vuelos Economicos Centroamericanos,VU
Clairmont Holdings Ltd dba VI Air Link,V6
Islena de Inversiones S.A. de C.V.dba Islena Airlines,WC
World Airways,WO
Iliamna Air Taxi Inc.,V8
Thai Smile,WE
Swiftair,WT
World Ticket Ltd,W1
Cargojet Airways Ltd.,W8
Air Transport Association of Americad\b\a Airlines for America,XD
Aero VIPCompanhia Transportes Servicos Aereos SA,WV
LC Busre SAC,W4
"ARINC(Aeronautical Radio, Inc.)",XA
ExpressJet,XE
"South East Asian Airlines (SEAIR)International, Inc.",XO
"Indonesia AirAsia Extra, PT",XT
WOW Air ehf,WW
Mahan Airlines,W5
IATA - Clearing HouseInternational Air Transport Association,XB
Special Ground Handling Service -XH,XH
TEM Enterprises,XP
African Express Airways (K)  Limited,XU
Aeronautical Telecommunications Ltd.(AEROTEL),XI
SITA - Airlines WorldwideTelecommunications and Information Svcs,XS
NokScoot,XW
"Exec Air, Inc. of Naples",X7
Department of National Defence,YF
Asian Wings Airways Limited,YJ
"Air Excursion, LLC",X4
Airmax S.A.,X8
"Sunsplash Aviation, LLC.",YH
Perimeter Aviation Ltd.,YP
EuroAtlantic Airways S.A.,YU
Yangtze River Express,Y8
S.C. Ten Airways S.R.L.,X5
Yan Air Ltd,YE
Air Sunshine Inc.,YI
"Grand Canyon Airlines, Inc.dba Scenic Airlines",YR
Travel Technology Interactive SA,Y1
Kish Airlines,Y9
Yeti Airlines Domestic Pvt. Ltd.,YT
"Golden Myanmar Airlines Public Co., Ltd",Y5
"Skywings Asia Airlines Co., Ltd.",ZA
Air Manasdba Air Manas ltd. Air Company,ZM
JSC Kazaviaspas,ZS
Air Wisconsin Airlines Corporation(AWAC),ZW
Azur Air,ZF
Silk Way Airlines,ZP
Titan Airways Limited,ZT
Air Georgian Ltd. dba Air Alliance,ZX
NU-Aero (Pvt) Ltdt/a Fly Africa Zimbabwe,Z7
Amadeus IT Group SA,1A
Zambezi Airlines,ZJ
Aviacon Zitotrans Air Company JSC,ZR
V Air Corporation,ZV
PM Air LLC,Z3
Premium Jet AG,0J
Abacus International Pte. Ltd.,1B
Zagros Air Co.,Z4
Hydro - Quebec,0Q
Hewlett-Packard (Schweiz) GmbH,1C
"INFINI Travel Information, Inc.",1F
ChallengAir,1I
Navitaire Open Skies,1L
"Radixx Solutions International, Inc.",1D
Travelport Global Distribution SystemB.V.,1G
Axess International Network Inc.,1J
JSC Transport Automated InformationSystems - TAIS,1M
Bird Information Systems Private Limited,1R
ITA Software Inc.,1U
Travelsky Technology Limited,1E
"JSC ""Sirena-Travel""",1H
Sutra Inc.,1K
Navitaire,1N
Sabre Inc.,1S
Galileo International,1V
Sabre Pacific,1Z
PT Aerosystems Indonesia,1T
Fly Branson Travel dba Branson AirExpress,1X
Deutsche Bahn AG,2A
Afrinat International Airlines,2F
"Air Cargo Carriers, LLC.",2Q
Sun d'Or International Airlines,2U
Electronic Data Systems Corporation,1Y
"Dynamic Airways, LLC",2D
Thalys International,2H
VIA Rail Canada Inc.,2R
Amtrak,2V
Chu Kong Passenger Transport Co. Ltd.,3A
"Smokey Bay Air, Inc.",2E
Redemption Inc.,2O
Kinda Airlines,2S
PT. My Indo Airlines,2Y
Calima Aviacion S.L,3C
Cargo Three Inc. dba Pan Air Cargo,3J
Passaredo Transportes Aereos S.A.,2Z
DoKaSch,3D
Air Urga,3N
Malawian Airlines,3W
Travel Service Polska Sp. z.o.o.,3Z
LAN COLOMBIA AIRLINES,4C
Pacific Airways Inc.,3F
Tarco Air,3T
Premier Trans Aire Inc.,3X
Aero Transporte S.A.,4A
Stabo Air Limited,4E
IHY Izmir Havayollari A.S.,4I
TNT Airways,3V
Kartika Airlines,3Y
Boutique Air,4B
Air City,4F
Kenn Borek Air Ltd.,4K
Travel Air,4P
United Airways Bangladesh Ltd,4H
Palau National Airlines,4L
CJSC Royal Flight airlines,4R
"Mercury Air Cargo, Inc.",4X
Bassaka Air Limited,5B
Fly One,5F
Air North Charter and Training Ltd.,4N
"Solar Cargo, C.A.",4S
Airbus Transport International,4Y
Aerolitoral S.A. de C.V.,5D
540 Ghana Ltd.,5G
Hi Fly Ltd,5M
Lignes Aeriennes Congolaises,4V
Alpine Aviation Inc.,5A
Siam Ga Co. Ltd.,5E
Alsa Grupo SLU,5I
"Rutas Aereas, C.A. dba  RUTACA",5R
Everts Air Cargo,5V
Hi Fly,5K
Global Aviation Services Group,5S
5W-Rail&Shuttle,5W
CemAir,5Z
Air Timor,6C
Air Alsie,6I
Transportes Aéreos Regionales,5U
UPS,5X
Armenia Airways,6A
Travel Service Slovensko,6D
Solaseed Air,6J
Zacarias Moreno,6M
Atlas Air,5Y
TUIfly Nordic,6B
Sun Air Express,6G
Kyrgyz Trans Avia,6K
Niger Airlines,6N
Air Cargo Germany,6U
Aklak Air,6L
Orbest,6O
AVANZA,6V
StarFlyer,7G
Travel Service,7O
Ryan Air Service,7S
Air Mandalay,6T
Euro-Asia Air,6Z
MAYAir,7M
Air Panama,7P
Trenitalia,7T
Halcyonair,7Z
Sylt Air GmbH,7E
Pan American World Airways,7N
Elite Airways,7Q
Alpha Air Transport,7U
Panama Airways,8A
FITS Aviation (Pvt) Ltd,8D
Mann Yadanarpon Airlines,7Y
Business Air Co Ltd,8B
STP Airways,8F
EcoJet,8J
TurboJET,8S
Eaglexpress Air Charter Sdn.Bhd.dbaEaglexpress Air,9A
Air Transport International L.L.C.,8C
Mid Africa Aviation,8G
K-Mile Air Co. Ltd,8K
Air Tindi,8T
Spring Airlines,9C
Alliance Air,9I
BH Air,8H
Regional Air Services,8N
Private Wings,8W
Endeavor Air,9E
Dana Airlines Limited,9J
Air Arabia Jordan,9P
9G Rail,9G
West Link Airlines,9L
Caicos Express Airways,9Q
Executive Express Aviation LLC dbaSouthern Airways,9X
SW Italia s.p.a.,IU
Nomad Aviation (PTY) Ltd.,N6
Tropic Air Limited,9N
Southern Air Inc.,9S
Vistara,UK
Sounds Air Travel & Tourism Ltd.,S8
FlyCorporate,FC
"Guangxi Beibu Gulf Airlines Co., Ltd.",GP
ACT Havayollari A.S.,9T
Wings of Lebanon S.a.l,W7
"Conquest Air, Inc.",C4
Aerotranscargo,F5
"Ningxia Cargo Airlines CO.,LTD",HT
Regional Jet OÜ,EE
ATA Airlines,I3
Major Airline,YY
Russian Railways,R0
JetHunter,01
Up Israel,86
Buta Airways,55
Ernest Airline,EG
SCAT,DV
Smartavia (Nordavia),5N
